Model #,Description,lines,orders,total_spend,avg_line_spend
S-4125,"12 x 12 x 12"" Corrugated Boxes 25/bundle ",31,29,2479.75,79.99193548387096
S-423,"Uline Industrial Tape - 2 Mil, 2"" x 110 yds, Clear 36 rolls/case ",29,27,2958.12,102.00413793103448
S-11683,Oil-Dri&reg; Premium Bag - 35 lb ,29,29,2613.25,90.11206896551724
H-150,"Uline Industrial Side Loader Tape Dispenser - 2"" ",28,26,0.0,0.0
S-7127,"Uline Deluxe Multi-Fold Towels 4,000 sheets/case ",27,27,1672.0,61.925925925925924
S-7815,"American Flag Packing List Envelopes - 4 1/2 x 5 1/2"" 1,000/carton ",23,21,1530.0,66.52173913043478
S-209,"""Invoice Enclosed"" Banner Envelopes - Orange, 4 1/2 x 5 1/2""   1,000/carton ",22,22,2552.0,116.0
S-826,"Steel Strapping - Standard Grade, 3/4"" x .020"" x 2,058' ",19,17,6544.0,344.42105263157896
H-596,"Uline Industrial Side Loader Tape Dispenser - 3"" ",18,18,20.0,1.1111111111111112
S-4748,"40 x 8 x 8"" Long Corrugated Boxes 25/bundle ",17,17,6306.75,370.9852941176471
S-445,"Uline Industrial Tape - 2 Mil, 3"" x 110 yds, Clear 24 rolls/case ",17,17,2389.2,140.54117647058823
S-4854,"13 x 10 x 5"" Corrugated Boxes 25/bundle ",17,17,2184.5,128.5
S-4084,"8 x 8 x 8"" Corrugated Boxes 25/bundle ",17,17,1204.5,70.8529411764706
H-505,Spray Can Holder/Gun ,17,15,56.4,3.317647058823529
S-3968,"Uline Stretch Wrap - Cast, 120 gauge, 18"" x 1,000' 4 rolls/case ",16,16,4812.0,300.75
S-7131,Uline Toilet Tissue 96 rolls/case ,16,16,1232.0,77.0
S-3473,"Side Loading Packing List Envelopes - Clear, 6 x 9"" 1,000/carton ",15,15,3834.0,255.6
S-6802,"Desktop Direct Thermal Labels - 4 x 6"" 250/roll ",14,14,2880.0,205.71428571428572
S-4062,"6 x 6 x 6"" Corrugated Boxes 25/bundle ",14,14,708.75,50.625
S-16753,"17 x 12 x 10"" Corrugated Boxes 25/bundle ",13,11,1904.0,146.46153846153845
S-7711,Uline Paper Towels 30 rolls/case ,13,13,630.0,48.46153846153846
S-12700BL,"Uline Pallet Markers - Chisel-Tip, Black ",13,13,246.60000000000002,18.96923076923077
S-13318,"20 x 20 x 16"" 275 lb Double Wall Corrugated Boxes 10/bundle ",11,11,9828.0,893.4545454545455
S-4606,"10 x 10 x 48"" Tall Corrugated Boxes 20/bundle ",11,11,7280.0,661.8181818181819
S-22043,"Uline Fast Tack Spray Adhesive - Low VOC, 14 oz ",11,11,3045.0,276.8181818181818
S-6264,"Industrial Direct Thermal Labels - 4 x 6"" 1,000/roll ",11,11,2772.0,252.0
S-7247,"Universal Sorbent Pads - 15 x 19"", Heavy 100/carton ",11,11,1804.0,164.0
S-4913,"28 x 8 x 8"" Long Corrugated Boxes 25/bundle ",11,11,1433.0,130.27272727272728
S-821,"Uline Poly Strapping - 1/2"" x .024"" x 7,200', Black ",11,11,1087.0,98.81818181818181
S-4040,"4 x 4 x 4"" Corrugated Boxes 25/bundle ",11,11,440.0,40.0
S-20661,Uline Antibacterial Hand Soap - 7.5 oz Dispenser ,11,10,256.5,23.318181818181817
S-207,"""Packing List Enclosed"" Banner Envelopes - Orange, 4 1/2 x 5 1/2""   1,000/carton ",10,10,1581.0,158.1
S-8278P,"Economy Bubble Roll - 16"" x 375', 5/16"", Perforated 3 rolls/bundle ",10,8,1359.0,135.9
S-3575,"30 lb Kraft Paper Roll - 24"" x 1,200' ",10,10,918.0,91.8
S-4060,"6 x 4 x 4"" Corrugated Boxes 25/bundle ",10,10,499.5,49.95
S-3927P,"Economy Bubble Roll - 12"" x 750', 3/16"", Perforated 4 rolls/bundle ",9,7,1764.0,196.0
S-12404,"Jumbo Natural Nylon Cable Ties - 30"", 250 lb 100/pack ",9,9,1424.0,158.22222222222223
S-4201,"20 x 20 x 20"" Corrugated Boxes 10/bundle ",9,9,1295.0,143.88888888888889
S-4160,"16 x 12 x 10"" Corrugated Boxes 25/bundle ",9,9,994.0,110.44444444444444
S-1831,"Uline Econo-Wrapper&reg; - Cast, 80 gauge, 20"" x 1,000' 4 rolls/case ",9,9,936.0,104.0
S-22748BL,"Uline Comfort Grip Ballpoint Pen - Medium Tip, Black ",9,9,191.4,21.266666666666666
H-175,Stretch Wrap Cutter ,9,9,0.0,0.0
H-3325BL,"Uline Flat Shelf Utility Cart - Standard, 44 x 25 x 33"", Black ",8,8,2650.0,331.25
S-2190,"Uline Stretch Wrap - Cast, 80 gauge, 18"" x 1,500' 4 rolls/case ",8,8,2520.0,315.0
S-313,Uline Fast Tack Spray Adhesive - 11.5 oz ,8,8,1241.5,155.1875
S-4335,"12 x 9 x 9"" Corrugated Boxes 25/bundle ",8,8,792.0,99.0
S-18484,Folgers&reg; Classic Roast Filter Packs - Regular 40 packets/box ,8,8,616.0,77.0
S-4105,"10 x 10 x 10"" Corrugated Boxes 25/bundle ",8,8,462.0,57.75
S-24148BL,"Pilot&reg; G-2&reg; Gel Pen - Bold Tip, Black ",8,8,258.0,32.25
S-21355,N'Joy Sugar - 20 oz 3/box ,8,8,152.5,19.0625
S-7828,"3M 8934 Economy Strapping Tape - 3"" x 60 yds 12 rolls/case ",7,7,4541.4,648.7714285714285
S-4219,"24 x 18 x 12"" Corrugated Boxes 10/bundle ",7,7,2087.8,298.25714285714287
S-828,"Steel Strapping Seals - Open, 3/4"" 1,000/carton ",7,7,254.0,36.285714285714285
S-19459FRESH,"Uline Disinfecting Wipes - Fresh Scent, 75 ct ",7,7,246.0,35.142857142857146
H-10898,Air Fryer ,7,7,0.0,0.0
S-12988S,"Uline Machine Length Stretch Film Skid Lot - One-Sided Cling, 70   gauge, 20"" x 6,500' 32 rolls/skid ",6,6,14464.0,2410.6666666666665
S-642,"Uline Stretch Wrap - Blown, 80 gauge, 18"" x 1,500' 4 rolls/case ",6,6,1360.0,226.66666666666666
S-22173,"8 x 4 x 4"" Lightweight 32 ECT Corrugated Boxes 25/bundle ",6,6,1073.0,178.83333333333334
S-4185,"18 x 18 x 18"" Corrugated Boxes 20/bundle ",6,6,756.0,126.0
S-11684,Oil-Dri&reg; Quick-Sorb&trade; Pail - 20 lb ,6,6,687.75,114.625
S-12889,"Oil Only Sorbent Pads - 15 x 19"", Light 100/carton ",6,6,600.0,100.0
S-19852,"12 x 9 x 9"" Lightweight 32 ECT Corrugated Boxes 25/bundle ",6,6,581.0,96.83333333333333
S-25369,Bounty&reg; Select-A-Size Paper Towels 12 rolls/case ,6,6,380.0,63.333333333333336
S-284,"IBM Style Open End Packing List Envelopes - Clear, 4 3/8 x 9""   1,000/carton ",6,4,284.0,47.333333333333336
S-8145S,"Uline Machine Length Stretch Film Skid Lot - Blown, 70 gauge, 20'' x   6,000' 32 rolls/skid ",5,5,12608.0,2521.6
S-4995,"20 x 16 x 16"" 275 lb Double Wall Corrugated Boxes 10/bundle ",5,5,3753.6000000000004,750.72
S-3000,"Polyester Strapping - Green, 1/2"" x .021"" x 9,000' ",5,5,2066.0,413.2
S-4542,"20 x 14 x 6"" Corrugated Boxes 25/bundle ",5,5,1278.75,255.75
S-5968,"""Packing List &/or Invoice Enclosed"" Banner Envelopes - Orange, 4 1/2   x 5 1/2"" 1,000/carton ",5,5,1146.0,229.2
S-4243,"24 x 12 x 12"" Corrugated Boxes 20/bundle ",5,5,546.0,109.2
S-16847L,Uline Heavy Utility Gloves - Large ,5,5,529.0,105.8
H-384R,Sharpie&reg; Magnum Markers - Red ,5,5,494.4,98.88
S-14775,"Foam Cups - 10 oz 1,000/case ",5,5,485.0,97.0
S-5150,"Uline Self-Seal White Bubble Mailers #5 - 10 1/2 x 16"" 100/case ",5,5,432.0,86.4
S-22393,"Uline Economy White Poly Bubble Mailers #1 - 7 1/4 x 12"" 100/case ",5,5,232.0,46.4
S-16882BL-L,"Uline Gription&reg; Flex Latex Coated Gloves - Black, Large 12   pairs/carton ",5,5,162.0,32.4
H-595,Economy Cutter 12/box ,5,5,120.0,24.0
S-22749BL,"Uline Easy Glide Gel Pen - Medium Tip, Black ",5,5,75.60000000000001,15.120000000000001
S-26157R,Yeti&reg; 26 oz Rambler&reg; ,5,3,0.0,0.0
S-12988,"Uline Machine Length Stretch Film - One-Sided Cling, 70 gauge, 20"" x   6,500' ",4,4,5504.0,1376.0
H-6328BL,"Pedestal Sign Holder - 8 1/2 x 11"", Black ",4,4,3005.0,751.25
S-16769,"44 x 12 x 12"" Long Corrugated Boxes 15/bundle ",4,4,1473.75,368.4375
S-10665,"40 x 12 x 12"" Long Corrugated Boxes 15/bundle ",4,4,1161.0,290.25
S-4618,"12 x 12 x 40"" Tall Corrugated Boxes 15/bundle ",4,4,961.8,240.45
S-19816,"24 x 14 x 20"" Corrugated Boxes 15/bundle ",4,4,924.0,231.0
S-4574,"48 x 8 x 8"" Long Corrugated Boxes 20/bundle ",4,4,906.0,226.5
S-15048,"14 x 12 x 10"" 275 lb Heavy Duty Corrugated Boxes 25/bundle ",4,4,738.75,184.6875
S-6870,Cottonelle&reg; Toilet Tissue 60 rolls/case ,4,4,581.0,145.25
S-4883,"7 x 7 x 10"" Corrugated Boxes 25/bundle ",4,4,521.5,130.375
S-17297,"Oil Only Sorbent Pads - 15 x 19"", Medium 100/carton ",4,4,455.0,113.75
S-4135,"6 x 6 x 36"" Tall Corrugated Boxes 25/bundle ",4,4,395.0,98.75
S-3930P,"Economy Bubble Roll - 12"" x 250', 1/2"", Perforated 4 rolls/bundle ",4,4,384.0,96.0
S-16847X,Uline Heavy Utility Gloves - XL ,4,4,368.0,92.0
S-2157,"Polyester Strapping Seals - Gripper, 1/2"" 1,000/carton ",4,4,324.0,81.0
S-13727,"Uline Deluxe Paper Roll Towels - 8"" x 800' 6/case ",4,4,300.0,75.0
S-24385ORG,Gatorade&reg; Single Packs - Orange 80/case ,4,4,298.0,74.5
S-3405,Industrial Sweeping Compound - 50 lb Box ,4,4,244.0,61.0
S-21324W,"Drawstring Trash Liners - 1 Mil, 23-30 Gallon, White 200/carton ",4,4,232.0,58.0
S-13677R,Uline Tamper Evident Plastic Truck Seals - Red 100/Pack ,4,4,180.0,45.0
S-512,"Poly Strapping Seals - Open, 1/2"" 1,000/carton ",4,4,180.0,45.0
S-7217,"Uline Kraft Paper Roll Towels - 8"" x 350' 12 rolls/case ",4,4,160.0,40.0
S-2568RED,"Blank Inventory Rectangle Labels - Red, 2 x 3"" 500/roll ",4,4,124.0,31.0
H-6054,"Professional Microfiber Duster - 19"" ",4,4,108.0,27.0
S-16882BL-X,"Uline Gription&reg; Flex Latex Coated Gloves - Black, XL 12   pairs/carton ",4,4,108.0,27.0
S-21088-L,Uline Ultra-Lite Polyurethane Coated Gloves - Large 12 pair/carton ,4,4,100.0,25.0
S-17081,Uline Aloe Hand Soap - 1 Gallon ,4,4,80.0,20.0
S-2568Y,"Blank Inventory Rectangle Labels - Fluorescent Yellow, 2 x 3""   500/roll ",4,4,80.0,20.0
S-21354,N'Joy Creamer - 12 oz 3/box ,4,4,70.25,17.5625
S-7303,"Uline Plastic Forks - Standard Weight, White 100/box ",4,4,24.0,6.0
S-7305,"Uline Plastic Spoons - Standard Weight, White 100/box ",4,4,24.0,6.0
H-11503,Eye Massager ,4,4,0.0,0.0
H-11603,Blackstone Burger Tool Set ,4,4,0.0,0.0
H-6688R,Kyocera Ceramic Knives - Red 3/set ,4,4,0.0,0.0
S-4480B,"48 x 40 x 36"" Double Wall Gaylord Bottom 5/bundle ",3,3,5380.0,1793.3333333333333
S-22574,"48 x 40 x 48"" Double Wall Gaylord Box with Lid 5/bundle ",3,3,3762.75,1254.25
S-7541P,"Heavy Duty Bubble Roll - 12"" x 250', 1/2"", Perforated 4 rolls/bundle ",3,3,1420.0,473.3333333333333
S-23949,"7 x 7 x 48"" Tall Corrugated Boxes 25/bundle ",3,3,934.5,311.5
S-4534,"15 x 15 x 20"" Corrugated Boxes 25/bundle ",3,3,840.0,280.0
S-2105,"Uline Stretch Wrap - Blown, 70 gauge, 18"" x 1,500' 4 rolls/case ",3,3,836.0,278.6666666666667
H-6982,"Adjustable Height Machine Table - 36 x 24 x 30-37"" ",3,3,835.0,278.3333333333333
S-6684P,"Economy Bubble Roll - 24"" x 375', 5/16"", Perforated 2 rolls/bundle ",3,3,600.0,200.0
S-6860,"Foam Cups - 12 oz 1,000/case ",3,3,345.0,115.0
S-4142,"14 x 14 x 14"" Corrugated Boxes 25/bundle ",3,3,344.0,114.66666666666667
S-24385L,Gatorade&reg; Single Packs - Lemon-Lime 80/case ,3,3,298.0,99.33333333333333
H-7065,"Uline Ratchet Tie-Downs - E-Track, 2"" x 20' ",3,3,259.0,86.33333333333333
S-11442Y,"Removable Adhesive Circle Labels - Fluorescent Yellow, 2"" 1,000/roll ",3,3,234.0,78.0
S-24385F,Gatorade&reg; Single Packs - Fruit Punch 80/case ,3,3,223.0,74.33333333333333
S-25098,Single-Serve Cappuccino Cups - French Vanilla 24/box ,3,3,204.0,68.0
H-531,"High Tensile Steel Strapping Sealer - 3/4"" ",3,1,200.0,66.66666666666667
S-24855,"Uline Disinfectant Spray - Linen Scent, 19 oz Spray Can ",3,3,186.0,62.0
S-24148R,"Pilot&reg; G-2&reg; Gel Pen - Bold Tip, Red ",3,3,150.0,50.0
S-18499,"Uline Paper Plates - 10 1/4"", Heavyweight 250/case ",3,3,147.0,49.0
S-7805,"Self-Seal Envelopes - Kraft, 9 x 12"" 100/case ",3,3,126.0,42.0
S-24892,Folgers&reg; Regular Classic Roast Coffee ,3,3,96.0,32.0
S-20092,Coffee-Mate&reg; French Vanilla Creamer ,3,3,90.0,30.0
S-2568LB,"Blank Inventory Rectangle Labels - Light Blue, 2 x 3"" 500/roll ",3,3,78.0,26.0
H-286BL,Sharpie&reg; Fine Tip Markers - Black ,3,3,77.4,25.8
S-20213,"Kraft Paper Dispenser Box - 12"" x 1,500' ",3,1,66.0,22.0
S-2568O,"Blank Inventory Rectangle Labels - Fluorescent Orange, 2 x 3""   500/roll ",3,3,56.0,18.666666666666668
S-7304,"Uline Plastic Knives - Standard Weight, White 100/box ",3,3,18.0,6.0
H-9519,Magic Bullet&reg; ,3,3,0.0,0.0
S-22136,Camp Chair and Table Combo ,3,3,0.0,0.0
S-25532,Classic Holiday Nuts Collection ,3,3,0.0,0.0
H-11565,"Portacool&reg; Apex&trade; Evaporative Cooler - 36"" ",2,2,8300.0,4150.0
S-1081S,"Steel Strapping Skid Lot - Standard Grade, 1/2"" x .023"" x 2,688' 12   coils/skid ",2,2,3216.0,1608.0
S-17293,"Universal Sorbent Pads - 15 x 19"", Light 200/carton ",2,2,1020.0,510.0
H-1915BL,"Vertical File Cabinet - Letter, 4 Drawer, Black ",2,2,1005.0,502.5
H-1366,"Uline Pallet Truck - Short/Narrow Fork, 36 x 21"" ",2,2,890.0,445.0
S-825,"Steel Strapping - Standard Grade, 1/2"" x .020"" x 3,087' ",2,2,864.0,432.0
H-3657-STEEL,"Industrial Packing Table - 48 x 36"", Steel Top ",2,2,830.0,415.0
S-4190,"26 x 26 x 26"" Corrugated Boxes 10/bundle ",2,2,806.0,403.0
H-5780,Infrared Heater - Indoor ,2,1,620.0,310.0
H-2504BL,"Uline Utility Cart - Standard, 45 x 25 x 33"", Black ",2,2,580.0,290.0
S-22044,"Uline Heavy Duty Spray Adhesive - Low VOC, 12 oz ",2,2,549.0,274.5
S-2328,"""Invoice Enclosed"" Banner Envelopes - Red, 4 1/2 x 6"" 1,000/carton ",2,2,492.0,246.0
S-5897,"Uline Self-Seal White Bubble CD Mailers - 7 1/4 x 8"" 200/case ",2,2,322.0,161.0
S-17294,"Universal Sorbent Pads - 15 x 19"", Medium 100/carton ",2,2,320.0,160.0
S-16847XX,Uline Heavy Utility Gloves - 2XL ,2,2,299.0,149.5
S-5736,"Economy Strapping Tape - 1"" x 60 yds 36 rolls/case ",2,2,298.8,149.4
H-2504G,"Uline Utility Cart - Standard, 45 x 25 x 33"", Green ",2,2,290.0,145.0
S-12808ALOE,"Purell&reg; Hand Sanitizer - 12 oz, Aloe ",2,2,216.0,108.0
S-4876,"6 x 6 x 6"" 275 lb Heavy Duty Corrugated Boxes 25/bundle ",2,2,190.0,95.0
S-2107,"Uline Stretch Wrap - Blown, 90 gauge, 15"" x 1,500' 4 rolls/case ",2,2,184.0,92.0
S-14266,"10 x 10 x 12"" Corrugated Boxes 25/bundle ",2,2,153.0,76.5
S-4456,"18 x 18 x 16"" Corrugated Boxes 20/bundle ",2,2,152.39999999999998,76.19999999999999
S-13677Y,Uline Tamper Evident Plastic Truck Seals - Yellow 100/Pack ,2,2,135.0,67.5
S-10331,"Uline Steel Tuff&reg; Trash Liners - 55 Gallon, 1.7 Mil 50/carton ",2,2,132.0,66.0
H-2755BL,Uline Folding Knife - Black ,2,2,128.0,64.0
H-10882,Job Site Light ,2,2,125.0,62.5
H-6112,Two-Way Radios ,2,2,120.0,60.0
S-21989,Single-Serve Hot Cocoa Cups - Milk Chocolate 24/box ,2,2,120.0,60.0
H-543R,Uline Plastic Truck Seals - Red 100/Pack ,2,2,114.0,57.0
S-25708,Glad&reg; ForceFlex&reg; Fresh Scent Drawstring Trash Bags - 13   Gallon 110/box ,2,2,102.0,51.0
H-2755BLU,Uline Folding Knife - Blue ,2,2,97.5,48.75
S-22358,Uline Premium Blend Coffee - Medium Dark Roast 12/box ,2,2,96.0,48.0
S-17080,Uline Antibacterial Hand Soap - 1 Gallon ,2,2,90.0,45.0
S-19528,"File Folders - Letter, Manila 100/box ",2,2,85.0,42.5
S-6771,Air In A Can ,2,2,79.6,39.8
S-9975,Dawn&reg; Professional Dish Soap - 38 oz Bottle ,2,2,76.0,38.0
S-18498,"Uline Paper Plates - 8 1/2"", Heavyweight 250/case ",2,2,74.0,37.0
H-1369,Uline Comfort-Grip Knife ,2,2,54.3,27.15
S-21088-M,Uline Ultra-Lite Polyurethane Coated Gloves - Medium 12 pair/carton ,2,2,48.0,24.0
S-2568G,"Blank Inventory Rectangle Labels - Fluorescent Green, 2 x 3"" 500/roll ",2,2,44.0,22.0
S-19421BL,Sharpie&reg; Ultra Fine Tip Markers - Black ,2,2,34.8,17.4
S-25450,"Quikrete&reg; Repair Compound - Crack Filler, Concrete ",2,1,34.0,17.0
S-2568P,"Blank Inventory Rectangle Labels - Fluorescent Pink, 2 x 3"" 500/roll ",2,2,34.0,17.0
S-7147,409&reg; Cleaner/Degreaser - 32 oz Spray Bottle ,2,1,28.0,14.0
S-19454,"Uline Multi-Purpose Cleaner - Lavender Scent, 1 Gallon Bottle ",2,2,24.0,12.0
S-19452,Uline Glass Cleaner Refill - 1 Gallon Bottle ,2,2,19.0,9.5
H-10105,Deluxe Steak Knife Set ,2,2,0.0,0.0
H-108,"Uline Metal Strapping Tape Dispenser - 1"" ",2,2,0.0,0.0
H-12108R,3-in-1 Creeper Seat ,2,2,0.0,0.0
H-12115,Emergency Crank Radio ,2,2,0.0,0.0
H-6111BL,Bushnell&reg; Binoculars - Black ,2,2,0.0,0.0
H-6688BL,Kyocera Ceramic Knives - Black 3/set ,2,2,0.0,0.0
S-14864,Uline Pallet Notes - English ,2,2,0.0,0.0
S-20399BL,Camp Chair - Black and Lime ,2,2,0.0,0.0
S-21433R,Utility Wagon - Red ,2,2,0.0,0.0
S-22047,Uline Ceramic Travel Mug ,2,2,0.0,0.0
S-23179,YETI&reg; Rambler&reg; Set ,2,2,0.0,0.0
S-23388,Uline Tool Bag ,2,2,0.0,0.0
S-23787BL,Camp Chair and Cooler Combo - Black/Lime ,2,2,0.0,0.0
S-23921,Big Daddy Rocker ,2,2,0.0,0.0
S-24969,Wrap-It&reg; Storage Straps ,2,2,0.0,0.0
S-25517W,Stanley&reg; H2.0 Quencher - Fog ,2,2,0.0,0.0
S-25604BLU,Glamping Chair ,2,2,0.0,0.0
S-26267,2026 American Muscle Cars Calendar ,2,2,0.0,0.0
H-3256,"Wide Span Storage Rack - Wire Decking, 96 x 36 x 72"" ",1,1,2200.0,2200.0
S-6671,"Uline Stretch Wrap Skid Lot - Cast, 70 gauge, 18"" x 1,500' 96   rolls/skid ",1,1,1675.2,1675.2
S-6669,"Uline Stretch Wrap Skid Lot - Blown, 70 gauge, 18"" x 1,500' 96   rolls/skid ",1,1,1579.2,1579.2
S-8145,"Uline Machine Length Stretch Film - Blown, 70 gauge, 20'' x 6,000' ",1,1,1456.0,1456.0
H-1915T,"Vertical File Cabinet - Letter, 4 Drawer, Tan ",1,1,990.0,990.0
H-2917,Adjustable Width Pallet Truck ,1,1,895.0,895.0
H-8404-STEEL,"L-Shaped Industrial Packing Table - 72 x 78"", Steel Top ",1,1,835.0,835.0
H-5036,"Rubbermaid&reg; Plastic Platform Truck - 30 x 60"" ",1,1,825.0,825.0
S-16464,"48 x 12 x 12"" 275 lb Double Wall Corrugated Boxes 10/bundle ",1,1,790.2,790.2
H-4122,"Uline Pallet Truck - Short/Extra Narrow Fork, 36 x 16"" ",1,1,645.0,645.0
S-1524,"Uline Machine Length Stretch Film - Cast, 80 gauge, 20"" x 6,000' ",1,1,588.0,588.0
S-6668,"Uline Machine Length Stretch Film - Cast, 70 gauge, 20"" x 6,500' ",1,1,570.0,570.0
S-19062,"10 x 8 x 8"" Lightweight 32 ECT Corrugated Boxes 25/bundle ",1,1,567.0,567.0
H-6744GR,"Uline Double Tier Lockers - 3 Wide, Unassembled, 45"" Wide, 18"" Deep,   Gray ",1,1,565.0,565.0
H-4119BL,Foam Padded Mesh Chair - Black ,1,1,543.0,543.0
H-7661,Swivel Shop Stool with Backrest ,1,1,520.0,520.0
S-10666,"48 x 10 x 10"" Long Corrugated Boxes 20/bundle ",1,1,460.0,460.0
H-1484,"Uline Pallet Truck - Short Fork, 36 x 27"" ",1,1,455.0,455.0
H-279,Uline Deluxe Steel Strapping Cart ,1,1,450.0,450.0
H-1193,"Uline Pallet Truck - Narrow Fork, 48 x 21"" ",1,1,445.0,445.0
S-18350,"16 x 16 x 8"" Lightweight 32 ECT Corrugated Boxes 25/bundle ",1,1,426.0,426.0
H-3587,"Plastic Shelving - 36 x 24 x 75"" ",1,1,395.0,395.0
H-3657-LAM,"Industrial Packing Table - 48 x 36"", Laminate Top ",1,1,370.0,370.0
S-2599P,"Foam Roll - Perforated, 1/32"", 6"" x 2,000' 12 rolls/bundle ",1,1,360.0,360.0
S-4218,"24 x 16 x 16"" Corrugated Boxes 10/bundle ",1,1,350.4,350.4
S-4663,"26 x 16 x 14"" Corrugated Boxes 15/bundle ",1,1,348.75,348.75
H-7668,Big and Tall Work Stool ,1,1,335.0,335.0
H-3248,"Wide Span Storage Rack - Wire Decking, 60 x 36 x 72"" ",1,1,306.0,306.0
S-4994,"20 x 14 x 4"" Corrugated Boxes 25/bundle ",1,1,294.0,294.0
H-6863-WOOD,"Industrial Packing Table - 48 x 24"", Composite Wood Top ",1,1,290.0,290.0
S-18368,"26 x 16 x 16"" Corrugated Boxes 15/bundle ",1,1,286.8,286.8
S-8363,"Desktop Direct Thermal Labels - 3 x 2"" 700/roll ",1,1,276.0,276.0
S-4196,"20 x 14 x 10"" Corrugated Boxes 20/bundle ",1,1,247.0,247.0
H-3155,"Chrome Mobile Shelving - 36 x 24 x 69"" ",1,1,245.0,245.0
S-4366,"30 x 30 x 30"" Corrugated Boxes 5/bundle ",1,1,223.2,223.2
S-4525,"12 x 12 x 48"" Tall Corrugated Boxes 15/bundle ",1,1,222.0,222.0
S-4661,"25 x 16 x 16"" Corrugated Boxes 10/bundle ",1,1,212.5,212.5
H-3102,"Anti-Fatigue Mat - 5/8"" thick, 2 x 10', Black ",1,1,204.0,204.0
S-6869,Scott&reg; Toilet Tissue 80 rolls/case ,1,1,204.0,204.0
H-2922T,"Mail Sorter - Steel, 15 Compartment, Tan ",1,1,195.0,195.0
S-4172,"17 x 17 x 17"" Corrugated Boxes 25/bundle ",1,1,192.5,192.5
H-6347,Uline Standard Janitor Cart ,1,1,190.0,190.0
H-8094,Deluxe Heat Gun ,1,1,190.0,190.0
H-9289,180-Piece Shop Tool Set ,1,1,185.0,185.0
H-2055,"Uline Loop Handle Steel Hand Truck - 16"" XL Nose Plate, Solid Wheels ",1,1,170.0,170.0
H-2938-72,"Chrome Wire Shelving Unit - 24 x 18 x 72"" ",1,1,169.0,169.0
H-3831,"Contractors Broom - 36"", Medium Bristles ",1,1,164.0,164.0
S-17298,"Oil Only Sorbent Pads - 15 x 19"", Heavy 100/carton ",1,1,164.0,164.0
H-1598,"LiftAll&reg; Ratchet Tie Downs - E-Track, 2"" x 16' ",1,1,162.0,162.0
S-4166,"16 x 16 x 16"" Corrugated Boxes 25/bundle ",1,1,162.0,162.0
H-573,Uline Deluxe Strapping Tensioner ,1,1,160.0,160.0
S-6683P,"Economy Bubble Roll - 12"" x 375', 5/16"", Perforated 4 rolls/bundle ",1,1,156.0,156.0
H-242,Industrial Steel Strapping Tensioner ,1,1,153.0,153.0
H-11664,"Uline Hi-Vis Retractable Ratchet Tie-Downs - S-Hook, 2"" x 10', 3,300   lb Capacity ",1,1,150.0,150.0
S-18412,"Microfiber Deluxe Dust Mop Replacement Head - 48"" ",1,1,150.0,150.0
H-1786,Uline Loop Handle Steel Hand Truck - Solid Wheels ,1,1,145.0,145.0
H-2504BLU,"Uline Utility Cart - Standard, 45 x 25 x 33"", Blue ",1,1,145.0,145.0
H-2504R,"Uline Utility Cart - Standard, 45 x 25 x 33"", Red ",1,1,145.0,145.0
H-2504Y,"Uline Utility Cart - Standard, 45 x 25 x 33"", Yellow ",1,1,145.0,145.0
H-2938-72A,"Chrome Wire Shelving Add-On Unit - 24 x 18 x 72"" ",1,1,145.0,145.0
H-351,"Industrial Steel Strapping Sealer - 1/2"" ",1,1,142.0,142.0
S-17295,"Universal Sorbent Rolls - 30"" x 150', Medium ",1,1,138.0,138.0
H-714BL,"Anti-Fatigue Mat - 3/8"" thick, 3 x 15', Black ",1,1,137.0,137.0
S-4911,"25 x 25 x 20"" Corrugated Boxes 10/bundle ",1,1,136.6,136.6
H-540,Uline Industrial Poly Strapping Tensioner ,1,1,132.0,132.0
S-13296,"13 x 10 x 6"" Corrugated Boxes 25/bundle ",1,1,131.0,131.0
H-2456,Pallet Truck Stop ,1,1,126.0,126.0
H-6980,"Adjustable Height Machine Table - 24 x 18 x 30-37"" ",1,1,125.0,125.0
H-8532ORG,Heavy Duty Rolling Z-Rack - Orange ,1,1,125.0,125.0
S-6873,Kleenex&reg; Boutique Facial Tissue 36 boxes/case ,1,1,121.0,121.0
S-23310,"13 x 10 x 6"" Lightweight 32 ECT Corrugated Boxes 25/bundle ",1,1,107.0,107.0
H-1621,"Contractors Broom - 30"", Medium Bristles ",1,1,105.0,105.0
S-17321R,Inventory Control Cones - Red ,1,1,105.0,105.0
S-23220,Kleenex&reg; Deluxe Facial Tissue 27 boxes/case ,1,1,102.0,102.0
S-2210,"40 lb Kraft Paper Roll - 36"" x 900' ",1,1,100.0,100.0
H-3687O,"Uline Trash Can - 32 Gallon, Orange ",1,1,99.0,99.0
S-7839,"Uline Save A Buck Reinforced Kraft Tape - 2.75"" x 450' 10 rolls/case ",1,1,99.0,99.0
S-12418BLU,"Plastic Stackable Bins - 15 x 5 1/2 x 5"", Blue ",1,1,90.6,90.6
H-11034,GFCI Extension Cord - 25' ,1,1,90.0,90.0
H-702,"Uline Industrial Gripper Polyester Strapping Sealer - 1/2"" ",1,1,90.0,90.0
S-20684,Colored T-Shirt Rags - 25 lb box 220/box ,1,1,90.0,90.0
H-7400,"Rubbermaid&reg; WaveBrake&reg; Bucket/Wringer - Side Press, 26 Quart ",1,1,89.0,89.0
H-10126,Wire Mesh Deluxe Desktop Organizer - Black ,1,1,88.0,88.0
S-22311,"Pacific Blue Ultra&trade; BigFold Z&reg; Multi-Fold Towels 2,200   sheets/case ",1,1,87.0,87.0
S-4988,"15 x 10 x 6"" Corrugated Boxes 25/bundle ",1,1,85.0,85.0
H-8622BLU,"Uline Lockout Padlock - Set of 6 Keyed Alike, 1 1/2"" Shackle, Blue ",1,1,84.0,84.0
H-867G,"Deluxe Dust Mop Kit - 36"", Green ",1,1,84.0,84.0
S-14268,"11 x 8 x 8"" Corrugated Boxes 25/bundle ",1,1,84.0,84.0
S-23984,Energizer&reg; AAA Lithium Batteries - 24 Pack 24/pack ,1,1,83.0,83.0
S-23985,Energizer&reg; AA Lithium Batteries - 24 Pack 24/pack ,1,1,83.0,83.0
H-2787,Surge Protector - 7 Outlet ,1,1,81.0,81.0
S-5294,"Uline Stretch Wrap - Blown, 60 gauge, 18"" x 2,000' 4 rolls/case ",1,1,80.0,80.0
H-1715BL,"Anti-Fatigue Mat - 3/8"" thick, 3 x 4', Black ",1,1,78.0,78.0
H-2241,Uline Air Freshener Dispenser ,1,1,78.0,78.0
H-3053D,"Dividers for Magnum Hopper Bins - 24 x 11"", Black 3/pack ",1,1,78.0,78.0
S-22853,Super Sani-Cloth&reg; Sanitizing Wipes - 160 ct ,1,1,78.0,78.0
S-24850W,"Uline Ripple Cups - 10 oz, White 500/case ",1,1,78.0,78.0
S-16704,"8 x 8 x 42"" Tall Corrugated Boxes 20/bundle ",1,1,77.6,77.6
S-22274,"Uline Crystal Clear Plastic Cups - 10 oz 1,000/case ",1,1,77.0,77.0
H-1798,"Aluminum Lever Lock Load Bar - Rubber Ends, 89-104"" ",1,1,75.0,75.0
S-23351BLU,"Microfiber Rags In A Box - 50/Box, Blue 50/box ",1,1,74.0,74.0
H-5877,"Deluxe Angle Broom - 15"" ",1,1,72.0,72.0
S-19531,"Hanging File Folders - Letter, Assorted Pack 25/box ",1,1,72.0,72.0
S-14824,Uline Air Freshener Spray - Citrus Blossom 12 cans/case ,1,1,70.0,70.0
S-15583BL,"Drawstring Trash Liners - .8 Mil, 13 Gallon, Black 400/carton ",1,1,70.0,70.0
S-4794,"20 x 16 x 14"" 275 lb Heavy Duty Corrugated Boxes 15/bundle ",1,1,69.6,69.6
S-16847S,Uline Heavy Utility Gloves - Small ,1,1,69.0,69.0
S-14803,Warehouse Aisle Sign Kit ,1,1,68.0,68.0
S-21834,Sani-Wipe&reg; Sanitizing Wipes - 95 ct ,1,1,66.0,66.0
S-13526,"Drawstring Trash Liners - 1.4 Mil, 55 Gallon 100/carton ",1,1,64.0,64.0
S-18815BL,Neoprene Apron - Black ,1,1,63.0,63.0
S-210,"IBM Style Open End Packing List Envelopes - Clear, 4 x 8""   1,000/carton ",1,1,62.0,62.0
S-4315,"7 x 7 x 7"" Corrugated Boxes 25/bundle ",1,1,61.0,61.0
S-22168,"13 x 8 x 6"" Corrugated Boxes 25/bundle ",1,1,60.5,60.5
S-5108,"Uline Industrial Trash Liners - 40-45 Gallon, 1.5 Mil, Black   100/carton ",1,1,60.0,60.0
H-543BLU,Uline Plastic Truck Seals - Blue 100/Pack ,1,1,57.0,57.0
H-7202,Rubbermaid&reg; Maximizer&trade; Standing Dust Pan ,1,1,57.0,57.0
S-4645,"20 x 16 x 16"" Corrugated Boxes 15/bundle ",1,1,56.85,56.85
S-24648,Binder Clips - Small 144/pack ,1,1,55.0,55.0
S-1299,"9 x 12"" 2 Mil Reclosable Bags 1,000/carton ",1,1,54.0,54.0
S-21836,Air Wick&reg; Scented Oil Refill - Fresh Linen 12/carton ,1,1,54.0,54.0
S-20582BL,Storage Clipboard - Black ,1,1,51.0,51.0
S-23041W,"Drawstring Trash Liners - .7 Mil, 8 Gallon, White 400/carton ",1,1,51.0,51.0
S-12417BLU,"Plastic Stackable Bins - 11 x 11 x 5"", Blue ",1,1,50.4,50.4
H-4095,"Vornado&reg; Room Fan - 7"" ",1,1,50.0,50.0
S-16863,"Uline Industrial Vinyl Safety Tape - 4"" x 36 yds, White 12 rolls/case ",1,1,49.8,49.8
H-3475,"Microfiber Deluxe Dust Mop Kit - 48"" ",1,1,49.0,49.0
S-18355,"18 x 18 x 12"" Lightweight 32 ECT Corrugated Boxes 25/bundle ",1,1,49.0,49.0
H-2240D,"Dividers for Magnum Hopper Bins - 20 x 12"", Black 3/pack ",1,1,48.0,48.0
H-2755R,Uline Folding Knife - Red ,1,1,48.0,48.0
H-4288,Uline Quick Change Folding Knife ,1,1,48.0,48.0
S-19089,"13 x 13 x 9"" Corrugated Boxes 25/bundle ",1,1,48.0,48.0
S-25416,"3M Post-it&reg; Notes - Super Sticky, 3 x 3"", Assorted Brights   12/pack ",1,1,48.0,48.0
S-827,"Steel Strapping Seals - Open, 1/2"" 1,000/carton ",1,1,48.0,48.0
H-40,Standard Steel Strapping Cutter ,1,1,47.0,47.0
H-2029,Swingline&reg; 747 Classic Desktop Manual Stapler ,1,1,46.0,46.0
S-7319,"Uline Economy Trash Liners - Natural, 20-30 Gallon, .39 Mil   500/carton ",1,1,45.0,45.0
S-7121W,"Economy Wet Mop Head - 24 oz, White ",1,1,43.5,43.5
S-23323-L,Uline Dyneema&reg; Diamond Cut Resistant Gloves - Large ,1,1,42.0,42.0
S-26249,Bigelow&reg; Tea - Green 28/box ,1,1,42.0,42.0
S-4418,"36 x 12 x 12"" Long Corrugated Boxes 15/bundle ",1,1,40.95,40.95
S-14752,"Uline 4-in-1 Plastic Utensil Kit - Standard Weight, White 250/box ",1,1,40.0,40.0
S-19530,"Hanging File Folders - Letter, Green 25/box ",1,1,40.0,40.0
S-4724,"18 x 10 x 4"" Corrugated Boxes 25/bundle ",1,1,39.75,39.75
H-2761,Lobby Broom and Dust Pan Combo ,1,1,39.0,39.0
S-19890-L,Uline Super Gription&reg; Foam Nitrile Coated Gloves - Large 12   pairs/carton ,1,1,39.0,39.0
S-21620-L,Leather Palm Safety Cuff Gloves - Large 12 pairs/carton ,1,1,39.0,39.0
S-5632,"Uline Self-Seal White Bubble Mailers #1 - 7 1/4 x 12"" 100/case ",1,1,39.0,39.0
S-19373,Uline 2in1 Cleaner and Disinfectant - 32 fl oz ,1,1,38.0,38.0
S-24473,"Barricade Tape - 3"" x 1,000', ""Caution/Attention"" 8 rolls/case ",1,1,38.0,38.0
S-7305B,"Uline Plastic Spoons Bulk Pack - Standard Weight, White 1,000/box ",1,1,38.0,38.0
S-6615,Pressboard Clipboard - Letter ,1,1,36.0,36.0
H-2019,Manual Staple Gun ,1,1,35.0,35.0
S-12812,Uline Microfiber General Purpose Towels - Blue 12/pack ,1,1,35.0,35.0
S-15715,"D.O.T. Labels - ""Lithium Ion Batteries UN 3480"", 4 x 4 3/4"" 500/roll ",1,1,34.0,34.0
S-23454,"Nylon Natural Cable Ties - 10"", 18 lb 1,000/pack ",1,1,34.0,34.0
S-19810L,"Uline Black Latex Gloves - Powder-Free, Large 100/carton ",1,1,32.0,32.0
S-23039BL,"Uline Max-Flex Outdoors Drawstring Trash Liners - 33 Gallon, Black   90/carton ",1,1,32.0,32.0
S-25195,Quikrete&reg; Parking Lot Repair Compound - Concrete ,1,1,32.0,32.0
S-20136,"Uline Laser Labels - White, 3 3/4 x 4 3/4"" 400/box ",1,1,31.0,31.0
H-5838,Safety Economy Cutter 12/box ,1,1,30.0,30.0
S-17003,"Fluorescent Shipping Labels - ""Next Day Air"", 2 x 3"" 500/roll ",1,1,30.0,30.0
S-261,"Fluorescent Shipping Labels - ""Fragile/Handle With Care"", 2 x 3""   500/roll ",1,1,30.0,30.0
S-775,"Uline Foam Roll - 1/8"", 12"" x 175', Perforated 1 roll/carton ",1,1,30.0,30.0
H-1292,Uline First Aid Kit - 10 Person ,1,1,29.0,29.0
H-3476,Bulk Foaming Soap Manual Wall-Mount Dispenser - 46 oz ,1,1,29.0,29.0
S-2503P,"UPSable Bubble Roll - 12"" x 188', 5/16"", Perforated ",1,1,29.0,29.0
H-10123,Wire Mesh Desktop Pencil Cup ,1,1,28.0,28.0
S-19475,GOJO&reg; Cherry Gel Gallon - Pumice ,1,1,28.0,28.0
S-16882BL-M,"Uline Gription&reg; Flex Latex Coated Gloves - Black, Medium 12   pairs/carton ",1,1,27.0,27.0
S-16882R-M,"Uline Gription&reg; Flex Latex Coated Gloves - Red, Medium 12   pairs/carton ",1,1,27.0,27.0
S-9963V,"""No Smoking"" Sign - Vinyl, Adhesive-Backed ",1,1,27.0,27.0
S-14179L,"Uline Industrial Nitrile Gloves - Powder-Free, 4 Mil, Large   100/carton ",1,1,26.0,26.0
S-14954,Ice Melt - 40 lb Pail ,1,1,26.0,26.0
S-20665BL,"Pilot&reg; G-2&reg; Gel Pen - Fine Tip, Black ",1,1,25.8,25.8
H-1349,"Stainless Steel Industrial Window Squeegee - 12"" ",1,1,24.0,24.0
S-2568GR,"Blank Inventory Rectangle Labels - Kelly Green, 2 x 3"" 500/roll ",1,1,24.0,24.0
S-2568RY,"Blank Inventory Rectangle Labels - Royal Blue, 2 x 3"" 500/roll ",1,1,24.0,24.0
S-7295,GOJO&reg; Natural Orange Gallon - Pumice ,1,1,24.0,24.0
S-7276,Toilet Seat Covers 250/pack ,1,1,23.4,23.4
S-21132W,"Letter Notepads - 8 1/2 x 11 3/4"", White ",1,1,23.0,23.0
S-4406,"12 x 9 x 6"" Corrugated Boxes 25/bundle ",1,1,23.0,23.0
S-11278,Thermal Printer Cleaning Pen 12/box ,1,1,22.0,22.0
S-21321,Sprayway&reg; Foaming Glass Cleaner - 19 oz Can ,1,1,22.0,22.0
S-15763,"Fabuloso&reg; Cleaner - Lavender Scent, 1 Gallon Bottle ",1,1,21.0,21.0
S-17132,Uline Tuff Scrub&trade; Hand Soap Gallon - Pumice ,1,1,21.0,21.0
S-21131Y,"Memo Notepads - 5 x 8"", Canary ",1,1,19.0,19.0
S-24649,Binder Clips - Medium 144/pack ,1,1,19.0,19.0
S-13287,"3 x 3 x 3"" Corrugated Boxes 25/bundle ",1,1,18.5,18.5
H-64B,Standard Utility Blades 100/pack ,1,1,18.0,18.0
S-15604,Duracell&reg; Procell&reg; AAA Alkaline Batteries 24/box ,1,1,18.0,18.0
S-17852,"T50 Staples - 3/8"" 5,000/carton ",1,1,18.0,18.0
S-6778BL-L,"PVC Dot Knit Gloves - Double-Sided, Black, Large 12 pair/pack ",1,1,18.0,18.0
S-25869,Sharpie&reg; Fine Tip Markers - Assortment Pack 12/pack ,1,1,17.25,17.25
S-8129,Urinal Para Block 12/case ,1,1,17.0,17.0
H-6557,Air Wick&reg; Scented Oil Warmer 6/carton ,1,1,16.0,16.0
S-15605,Duracell&reg; Procell&reg; AA Alkaline Batteries 24/box ,1,1,15.0,15.0
S-19455,Uline All-Purpose Cleaner - 32 oz Spray Bottle ,1,1,15.0,15.0
H-872,"Quick Release Swing Bar Wooden Mop Handle - 60"" ",1,1,14.5,14.5
S-15516BL,"Uline Pallet Markers - Comfort-Grip Chisel-Tip, Black ",1,1,14.4,14.4
S-12418D,"Length Dividers for Stackable Bins - 15 x 5"" 6/carton ",1,1,13.75,13.75
S-17367BLU,"Sharpie&reg; Highlighters - Tank, Fluorescent Blue 12/pack ",1,1,11.0,11.0
S-17367FG,"Sharpie&reg; Highlighters - Tank, Fluorescent Green 12/pack ",1,1,11.0,11.0
S-17367FP,"Sharpie&reg; Highlighters - Tank, Fluorescent Pink 12/pack ",1,1,11.0,11.0
S-17367FY,"Sharpie&reg; Highlighters - Tank, Fluorescent Yellow 12/pack ",1,1,11.0,11.0
S-22749BLU,"Uline Easy Glide Gel Pen - Medium Tip, Blue ",1,1,10.8,10.8
H-595B,Single Edge Razor Blades 100/box ,1,1,9.95,9.95
S-14138,"Desktop Staples - 1/4"" 5,000/carton ",1,1,9.0,9.0
S-2775GR,"Blank Inventory Circle Labels - Kelly Green, 1 1/2"" 500/roll ",1,1,9.0,9.0
S-2775O,"Blank Inventory Circle Labels - Fluorescent Orange, 1 1/2"" 500/roll ",1,1,9.0,9.0
S-2775RED,"Blank Inventory Circle Labels - Red, 1 1/2"" 500/roll ",1,1,9.0,9.0
S-2775RY,"Blank Inventory Circle Labels - Royal Blue, 1 1/2"" 500/roll ",1,1,9.0,9.0
S-2775Y,"Blank Inventory Circle Labels - Fluorescent Yellow, 1 1/2"" 500/roll ",1,1,9.0,9.0
S-12699BL,Comfort-Grip Markers - Black ,1,1,8.4,8.4
H-2759,Expo&reg; Dry Erase Markers - Assortment Pack ,1,1,8.0,8.0
S-15545R,"Plastic Clipboard - Letter, Red ",1,1,7.0,7.0
S-24023BL,Disposable Face Masks - Black 50/carton ,1,1,7.0,7.0
S-7298,"Plastic Coffee Stirrers - 5‚Äù 1,000/box ",1,1,4.3,4.3
H-10343RUST,Cordless Tabletop Lamp - Rust ,1,1,0.0,0.0
H-10343W,Cordless Tabletop Lamp - White ,1,1,0.0,0.0
H-10884,Blackstone Tabletop Griddle ,1,1,0.0,0.0
H-11046,Bug-A-Salt ,1,1,0.0,0.0
H-11501,3-in-1 Wireless Charger ,1,1,0.0,0.0
H-12107,Trail Camera ,1,1,0.0,0.0
H-12110,Professional Knife Set ,1,1,0.0,0.0
H-2215,Rubber Mallet ,1,1,0.0,0.0
H-2790BL,Weber&reg; Smokey Joe&reg; Grill ,1,1,0.0,0.0
H-2917PUMP,HYDRAULIC PUMP WITH BYPASS ,1,1,0.0,0.0
H-3957BLU,Vornado&reg; Desktop Fan - Navy ,1,1,0.0,0.0
H-6113,Cordless Drill and Driver Kit ,1,1,0.0,0.0
H-8067SIL,Portable Stove - Silver ,1,1,0.0,0.0
H-8157,Job Site Fan ,1,1,0.0,0.0
H-8193R,YETI&reg; Cooler - Red ,1,1,0.0,0.0
H-8804,9-in-1 Ratcheting Screwdriver ,1,1,0.0,0.0
H-8899,Drill Bit Set ,1,1,0.0,0.0
H-9594,Weber&reg; BBQ Tool Set ,1,1,0.0,0.0
REPAIRED FRT,REPAIR LABOR - FREIGHT ITEM ,1,1,0.0,0.0
S-20087ATL-X,"NFL Soft Shell Coat - Atlanta Falcons, XL ",1,1,0.0,0.0
S-20298MIA,NFL Knit Hat - Miami Dolphins ,1,1,0.0,0.0
S-20298NCP,NFL Knit Hat - Carolina Panthers ,1,1,0.0,0.0
S-20298NEP,NFL Knit Hat - New England Patriots ,1,1,0.0,0.0
S-20987,SwissGear&reg; Laptop Backpack ,1,1,0.0,0.0
S-21001,Zero Gravity Chair ,1,1,0.0,0.0
S-21215DET-X,"NFL Hoodie - Detroit Lions, XL ",1,1,0.0,0.0
S-21215NCP-X,"NFL Hoodie - Carolina Panthers, XL ",1,1,0.0,0.0
S-22526BL,UE Wonderboom Bluetooth&reg; Speaker - Black ,1,1,0.0,0.0
S-22526BLU,UE Wonderboom Bluetooth&reg; Speaker - Blue ,1,1,0.0,0.0
S-22627W,Corkcicle&reg; 60 oz Canteen and Stemless Wine Glass Set - White ,1,1,0.0,0.0
S-23278,Zero Gravity Love Seat ,1,1,0.0,0.0
S-23281BL,S'well&reg; Tumbler - Black ,1,1,0.0,0.0
S-23284BLU,iHome Bluetooth&reg; Speaker - Blue ,1,1,0.0,0.0
S-23722BL,Ladies' Quilted Puff Hat - Black ,1,1,0.0,0.0
S-23787CAMO,Camp Chair and Cooler Combo - Camo ,1,1,0.0,0.0
S-23789ATL,Tervis&reg; NFL Tumbler - Atlanta Falcons ,1,1,0.0,0.0
S-23789CHI,Tervis&reg; NFL Tumbler - Chicago Bears ,1,1,0.0,0.0
S-23789MIA,Tervis&reg; NFL Tumbler - Miami Dolphins ,1,1,0.0,0.0
S-23789NCP,Tervis&reg; NFL Tumbler - Carolina Panthers ,1,1,0.0,0.0
S-23865BLU-X,"Nike Dri-FIT Polo - Blue, XL ",1,1,0.0,0.0
S-24388-L,YETI&reg; Dog Bowl - Large ,1,1,0.0,0.0
S-24505,Stanley&reg; Pitcher ,1,1,0.0,0.0
S-24856,Sony&reg; Wireless Earbuds ,1,1,0.0,0.0
S-25021BL,YETI&reg; Knit Hat - Black ,1,1,0.0,0.0
S-25021GOLD,YETI&reg; Knit Hat - Gold ,1,1,0.0,0.0
S-25061-S,"Ladies' Crewneck - Bonfire, Orange, Small ",1,1,0.0,0.0
S-25061NB-S,"Ladies' Crewneck - Bonfire, Navy, Small ",1,1,0.0,0.0
S-25062-L,"Ladies' Crewneck - Tailgate, Large ",1,1,0.0,0.0
S-25062-S,"Ladies' Crewneck - Tailgate, Small ",1,1,0.0,0.0
S-25077DAL-L,"NFL Henley - Dallas Cowboys, Large ",1,1,0.0,0.0
S-25475ATL,NFL Blanket - Atlanta Falcons ,1,1,0.0,0.0
S-25475DET,NFL Blanket - Detroit Lions ,1,1,0.0,0.0
S-25475MIA,NFL Blanket - Miami Dolphins ,1,1,0.0,0.0
S-25517ALP,Stanley&reg; H2.0 Quencher - Alpine ,1,1,0.0,0.0
S-25533ATL2X,"MLB Windbreaker - Atlanta Braves, 2XL ",1,1,0.0,0.0
S-25533HOU-L,"MLB Windbreaker - Houston Astros, Large ",1,1,0.0,0.0
S-25603BLU,Tripod Umbrella ,1,1,0.0,0.0
S-25605,Ray-Ban&reg; Sunglasses - Aviator ,1,1,0.0,0.0
S-25624,Bogg&reg; Bag Cooler ,1,1,0.0,0.0
S-25625LTBLU,Bogg&reg; Bag Combo - Light Blue ,1,1,0.0,0.0
S-25692DAL-X,"Ladies' NFL Crewneck - Dallas Cowboys, XL ",1,1,0.0,0.0
S-25692DET-S,"Ladies' NFL Crewneck - Detroit Lions, Small ",1,1,0.0,0.0
S-25934,2025 American Muscle Cars Calendar ,1,1,0.0,0.0
S-25938,2025 Demotivationals Calendar ,1,1,0.0,0.0
S-26037R,Heated Seat Cushion - Red ,1,1,0.0,0.0
S-26077SEA,NFL Hi-Vis Hat - Seattle Seahawks ,1,1,0.0,0.0
S-26099,Rolling Duffel Bag ,1,1,0.0,0.0
S-26100LTPUR,Baby Bogg&reg; Bag - Lilac ,1,1,0.0,0.0
S-26104NW,Beach Chair - Navy/White Stripe ,1,1,0.0,0.0
S-26107CW,Turkish Beach Towel - Coral/White ,1,1,0.0,0.0
S-26109,Outdoor Screen House ,1,1,0.0,0.0
S-26115R,Power Bank - Red ,1,1,0.0,0.0
S-26130,Blackstone Seasoning Set ,1,1,0.0,0.0
S-26266,"2026 Ah, the Beach&reg; Calendar ",1,1,0.0,0.0
S-26269,2026 Bad Kitties&reg; Calendar ,1,1,0.0,0.0
